"module_name","module_type","label","distribution_link","fleet_name","population_name","age","length","time","value","estimation_type","distribution_type","distribution"
"Selectivity","Logistic","inflection_point",NA,"fleet1",NA,NA,NA,NA,2,"fixed_effects",NA,NA
"Selectivity","Logistic","slope",NA,"fleet1",NA,NA,NA,NA,1,"fixed_effects",NA,NA
"Fleet","Fleet","log_q",NA,"fleet1",NA,NA,NA,NA,0,"constant",NA,NA
"Fleet","Fleet","log_Fmort",NA,"fleet1",NA,NA,NA,NA,-3,"fixed_effects",NA,NA
"Fleet","Fleet","log_Fmort",NA,"fleet1",NA,NA,NA,NA,-3,"fixed_effects",NA,NA
"Fleet","Fleet","log_Fmort",NA,"fleet1",NA,NA,NA,NA,-3,"fixed_effects",NA,NA
"Fleet","Fleet","log_Fmort",NA,"fleet1",NA,NA,NA,NA,-3,"fixed_effects",NA,NA
"Fleet","Fleet","log_Fmort",NA,"fleet1",NA,NA,NA,NA,-3,"fixed_effects",NA,NA
"Fleet","Fleet","log_Fmort",NA,"fleet1",NA,NA,NA,NA,-3,"fixed_effects",NA,NA
"Fleet","Fleet","log_Fmort",NA,"fleet1",NA,NA,NA,NA,-3,"fixed_effects",NA,NA
"Fleet","Fleet","log_Fmort",NA,"fleet1",NA,NA,NA,NA,-3,"fixed_effects",NA,NA
"Fleet","Fleet","log_Fmort",NA,"fleet1",NA,NA,NA,NA,-3,"fixed_effects",NA,NA
"Fleet","Fleet","log_Fmort",NA,"fleet1",NA,NA,NA,NA,-3,"fixed_effects",NA,NA
"Fleet","Fleet","log_Fmort",NA,"fleet1",NA,NA,NA,NA,-3,"fixed_effects",NA,NA
"Fleet","Fleet","log_Fmort",NA,"fleet1",NA,NA,NA,NA,-3,"fixed_effects",NA,NA
"Fleet","Fleet","log_Fmort",NA,"fleet1",NA,NA,NA,NA,-3,"fixed_effects",NA,NA
"Fleet","Fleet","log_Fmort",NA,"fleet1",NA,NA,NA,NA,-3,"fixed_effects",NA,NA
"Fleet","Fleet","log_Fmort",NA,"fleet1",NA,NA,NA,NA,-3,"fixed_effects",NA,NA
"Fleet","Fleet","log_Fmort",NA,"fleet1",NA,NA,NA,NA,-3,"fixed_effects",NA,NA
"Fleet","Fleet","log_Fmort",NA,"fleet1",NA,NA,NA,NA,-3,"fixed_effects",NA,NA
"Fleet","Fleet","log_Fmort",NA,"fleet1",NA,NA,NA,NA,-3,"fixed_effects",NA,NA
"Fleet","Fleet","log_Fmort",NA,"fleet1",NA,NA,NA,NA,-3,"fixed_effects",NA,NA
"Fleet","Fleet","log_Fmort",NA,"fleet1",NA,NA,NA,NA,-3,"fixed_effects",NA,NA
"Fleet","Fleet","log_Fmort",NA,"fleet1",NA,NA,NA,NA,-3,"fixed_effects",NA,NA
"Fleet","Fleet","log_Fmort",NA,"fleet1",NA,NA,NA,NA,-3,"fixed_effects",NA,NA
"Fleet","Fleet","log_Fmort",NA,"fleet1",NA,NA,NA,NA,-3,"fixed_effects",NA,NA
"Fleet","Fleet","log_Fmort",NA,"fleet1",NA,NA,NA,NA,-3,"fixed_effects",NA,NA
"Fleet","Fleet","log_Fmort",NA,"fleet1",NA,NA,NA,NA,-3,"fixed_effects",NA,NA
"Fleet","Fleet","log_Fmort",NA,"fleet1",NA,NA,NA,NA,-3,"fixed_effects",NA,NA
"Fleet","Fleet","log_Fmort",NA,"fleet1",NA,NA,NA,NA,-3,"fixed_effects",NA,NA
"Fleet","Fleet","log_Fmort",NA,"fleet1",NA,NA,NA,NA,-3,"fixed_effects",NA,NA
"Fleet","Fleet","log_Fmort",NA,"fleet1",NA,NA,NA,NA,-3,"fixed_effects",NA,NA
"Fleet","Fleet","log_Fmort",NA,"fleet1",NA,NA,NA,NA,-3,"fixed_effects",NA,NA
"Data","Landings","log_sd","Landings","fleet1",NA,NA,NA,NA,-4.60519518494654,"constant","data","DlnormDistribution"
"Data","Landings","log_sd","Landings","fleet1",NA,NA,NA,NA,-4.60519518494654,"constant","data","DlnormDistribution"
"Data","Landings","log_sd","Landings","fleet1",NA,NA,NA,NA,-4.60519518494654,"constant","data","DlnormDistribution"
"Data","Landings","log_sd","Landings","fleet1",NA,NA,NA,NA,-4.60519518494654,"constant","data","DlnormDistribution"
"Data","Landings","log_sd","Landings","fleet1",NA,NA,NA,NA,-4.60519518494654,"constant","data","DlnormDistribution"
"Data","Landings","log_sd","Landings","fleet1",NA,NA,NA,NA,-4.60519518494654,"constant","data","DlnormDistribution"
"Data","Landings","log_sd","Landings","fleet1",NA,NA,NA,NA,-4.60519518494654,"constant","data","DlnormDistribution"
"Data","Landings","log_sd","Landings","fleet1",NA,NA,NA,NA,-4.60519518494654,"constant","data","DlnormDistribution"
"Data","Landings","log_sd","Landings","fleet1",NA,NA,NA,NA,-4.60519518494654,"constant","data","DlnormDistribution"
"Data","Landings","log_sd","Landings","fleet1",NA,NA,NA,NA,-4.60519518494654,"constant","data","DlnormDistribution"
"Data","Landings","log_sd","Landings","fleet1",NA,NA,NA,NA,-4.60519518494654,"constant","data","DlnormDistribution"
"Data","Landings","log_sd","Landings","fleet1",NA,NA,NA,NA,-4.60519518494654,"constant","data","DlnormDistribution"
"Data","Landings","log_sd","Landings","fleet1",NA,NA,NA,NA,-4.60519518494654,"constant","data","DlnormDistribution"
"Data","Landings","log_sd","Landings","fleet1",NA,NA,NA,NA,-4.60519518494654,"constant","data","DlnormDistribution"
"Data","Landings","log_sd","Landings","fleet1",NA,NA,NA,NA,-4.60519518494654,"constant","data","DlnormDistribution"
"Data","Landings","log_sd","Landings","fleet1",NA,NA,NA,NA,-4.60519518494654,"constant","data","DlnormDistribution"
"Data","Landings","log_sd","Landings","fleet1",NA,NA,NA,NA,-4.60519518494654,"constant","data","DlnormDistribution"
"Data","Landings","log_sd","Landings","fleet1",NA,NA,NA,NA,-4.60519518494654,"constant","data","DlnormDistribution"
"Data","Landings","log_sd","Landings","fleet1",NA,NA,NA,NA,-4.60519518494654,"constant","data","DlnormDistribution"
"Data","Landings","log_sd","Landings","fleet1",NA,NA,NA,NA,-4.60519518494654,"constant","data","DlnormDistribution"
"Data","Landings","log_sd","Landings","fleet1",NA,NA,NA,NA,-4.60519518494654,"constant","data","DlnormDistribution"
"Data","Landings","log_sd","Landings","fleet1",NA,NA,NA,NA,-4.60519518494654,"constant","data","DlnormDistribution"
"Data","Landings","log_sd","Landings","fleet1",NA,NA,NA,NA,-4.60519518494654,"constant","data","DlnormDistribution"
"Data","Landings","log_sd","Landings","fleet1",NA,NA,NA,NA,-4.60519518494654,"constant","data","DlnormDistribution"
"Data","Landings","log_sd","Landings","fleet1",NA,NA,NA,NA,-4.60519518494654,"constant","data","DlnormDistribution"
"Data","Landings","log_sd","Landings","fleet1",NA,NA,NA,NA,-4.60519518494654,"constant","data","DlnormDistribution"
"Data","Landings","log_sd","Landings","fleet1",NA,NA,NA,NA,-4.60519518494654,"constant","data","DlnormDistribution"
"Data","Landings","log_sd","Landings","fleet1",NA,NA,NA,NA,-4.60519518494654,"constant","data","DlnormDistribution"
"Data","Landings","log_sd","Landings","fleet1",NA,NA,NA,NA,-4.60519518494654,"constant","data","DlnormDistribution"
"Data","Landings","log_sd","Landings","fleet1",NA,NA,NA,NA,-4.60519518494654,"constant","data","DlnormDistribution"
"Selectivity","Logistic","inflection_point",NA,"survey1",NA,NA,NA,NA,2,"fixed_effects",NA,NA
"Selectivity","Logistic","slope",NA,"survey1",NA,NA,NA,NA,1,"fixed_effects",NA,NA
"Fleet","Fleet","log_q",NA,"survey1",NA,NA,NA,NA,0,"fixed_effects",NA,NA
"Fleet","Fleet","log_Fmort",NA,"survey1",NA,NA,NA,NA,-200,"constant",NA,NA
"Fleet","Fleet","log_Fmort",NA,"survey1",NA,NA,NA,NA,-200,"constant",NA,NA
"Fleet","Fleet","log_Fmort",NA,"survey1",NA,NA,NA,NA,-200,"constant",NA,NA
"Fleet","Fleet","log_Fmort",NA,"survey1",NA,NA,NA,NA,-200,"constant",NA,NA
"Fleet","Fleet","log_Fmort",NA,"survey1",NA,NA,NA,NA,-200,"constant",NA,NA
"Fleet","Fleet","log_Fmort",NA,"survey1",NA,NA,NA,NA,-200,"constant",NA,NA
"Fleet","Fleet","log_Fmort",NA,"survey1",NA,NA,NA,NA,-200,"constant",NA,NA
"Fleet","Fleet","log_Fmort",NA,"survey1",NA,NA,NA,NA,-200,"constant",NA,NA
"Fleet","Fleet","log_Fmort",NA,"survey1",NA,NA,NA,NA,-200,"constant",NA,NA
"Fleet","Fleet","log_Fmort",NA,"survey1",NA,NA,NA,NA,-200,"constant",NA,NA
"Fleet","Fleet","log_Fmort",NA,"survey1",NA,NA,NA,NA,-200,"constant",NA,NA
"Fleet","Fleet","log_Fmort",NA,"survey1",NA,NA,NA,NA,-200,"constant",NA,NA
"Fleet","Fleet","log_Fmort",NA,"survey1",NA,NA,NA,NA,-200,"constant",NA,NA
"Fleet","Fleet","log_Fmort",NA,"survey1",NA,NA,NA,NA,-200,"constant",NA,NA
"Fleet","Fleet","log_Fmort",NA,"survey1",NA,NA,NA,NA,-200,"constant",NA,NA
"Fleet","Fleet","log_Fmort",NA,"survey1",NA,NA,NA,NA,-200,"constant",NA,NA
"Fleet","Fleet","log_Fmort",NA,"survey1",NA,NA,NA,NA,-200,"constant",NA,NA
"Fleet","Fleet","log_Fmort",NA,"survey1",NA,NA,NA,NA,-200,"constant",NA,NA
"Fleet","Fleet","log_Fmort",NA,"survey1",NA,NA,NA,NA,-200,"constant",NA,NA
"Fleet","Fleet","log_Fmort",NA,"survey1",NA,NA,NA,NA,-200,"constant",NA,NA
"Fleet","Fleet","log_Fmort",NA,"survey1",NA,NA,NA,NA,-200,"constant",NA,NA
"Fleet","Fleet","log_Fmort",NA,"survey1",NA,NA,NA,NA,-200,"constant",NA,NA
"Fleet","Fleet","log_Fmort",NA,"survey1",NA,NA,NA,NA,-200,"constant",NA,NA
"Fleet","Fleet","log_Fmort",NA,"survey1",NA,NA,NA,NA,-200,"constant",NA,NA
"Fleet","Fleet","log_Fmort",NA,"survey1",NA,NA,NA,NA,-200,"constant",NA,NA
"Fleet","Fleet","log_Fmort",NA,"survey1",NA,NA,NA,NA,-200,"constant",NA,NA
"Fleet","Fleet","log_Fmort",NA,"survey1",NA,NA,NA,NA,-200,"constant",NA,NA
"Fleet","Fleet","log_Fmort",NA,"survey1",NA,NA,NA,NA,-200,"constant",NA,NA
"Fleet","Fleet","log_Fmort",NA,"survey1",NA,NA,NA,NA,-200,"constant",NA,NA
"Fleet","Fleet","log_Fmort",NA,"survey1",NA,NA,NA,NA,-200,"constant",NA,NA
"Data","Index","log_sd","Index",NA,NA,NA,NA,NA,-1.61927513748538,"constant","data","DlnormDistribution"
"Data","Index","log_sd","Index",NA,NA,NA,NA,NA,-1.61927513748538,"constant","data","DlnormDistribution"
"Data","Index","log_sd","Index",NA,NA,NA,NA,NA,-1.61927513748538,"constant","data","DlnormDistribution"
"Data","Index","log_sd","Index",NA,NA,NA,NA,NA,-1.61927513748538,"constant","data","DlnormDistribution"
"Data","Index","log_sd","Index",NA,NA,NA,NA,NA,-1.61927513748538,"constant","data","DlnormDistribution"
"Data","Index","log_sd","Index",NA,NA,NA,NA,NA,-1.61927513748538,"constant","data","DlnormDistribution"
"Data","Index","log_sd","Index",NA,NA,NA,NA,NA,-1.61927513748538,"constant","data","DlnormDistribution"
"Data","Index","log_sd","Index",NA,NA,NA,NA,NA,-1.61927513748538,"constant","data","DlnormDistribution"
"Data","Index","log_sd","Index",NA,NA,NA,NA,NA,-1.61927513748538,"constant","data","DlnormDistribution"
"Data","Index","log_sd","Index",NA,NA,NA,NA,NA,-1.61927513748538,"constant","data","DlnormDistribution"
"Data","Index","log_sd","Index",NA,NA,NA,NA,NA,-1.61927513748538,"constant","data","DlnormDistribution"
"Data","Index","log_sd","Index",NA,NA,NA,NA,NA,-1.61927513748538,"constant","data","DlnormDistribution"
"Data","Index","log_sd","Index",NA,NA,NA,NA,NA,-1.61927513748538,"constant","data","DlnormDistribution"
"Data","Index","log_sd","Index",NA,NA,NA,NA,NA,-1.61927513748538,"constant","data","DlnormDistribution"
"Data","Index","log_sd","Index",NA,NA,NA,NA,NA,-1.61927513748538,"constant","data","DlnormDistribution"
"Data","Index","log_sd","Index",NA,NA,NA,NA,NA,-1.61927513748538,"constant","data","DlnormDistribution"
"Data","Index","log_sd","Index",NA,NA,NA,NA,NA,-1.61927513748538,"constant","data","DlnormDistribution"
"Data","Index","log_sd","Index",NA,NA,NA,NA,NA,-1.61927513748538,"constant","data","DlnormDistribution"
"Data","Index","log_sd","Index",NA,NA,NA,NA,NA,-1.61927513748538,"constant","data","DlnormDistribution"
"Data","Index","log_sd","Index",NA,NA,NA,NA,NA,-1.61927513748538,"constant","data","DlnormDistribution"
"Data","Index","log_sd","Index",NA,NA,NA,NA,NA,-1.61927513748538,"constant","data","DlnormDistribution"
"Data","Index","log_sd","Index",NA,NA,NA,NA,NA,-1.61927513748538,"constant","data","DlnormDistribution"
"Data","Index","log_sd","Index",NA,NA,NA,NA,NA,-1.61927513748538,"constant","data","DlnormDistribution"
"Data","Index","log_sd","Index",NA,NA,NA,NA,NA,-1.61927513748538,"constant","data","DlnormDistribution"
"Data","Index","log_sd","Index",NA,NA,NA,NA,NA,-1.61927513748538,"constant","data","DlnormDistribution"
"Data","Index","log_sd","Index",NA,NA,NA,NA,NA,-1.61927513748538,"constant","data","DlnormDistribution"
"Data","Index","log_sd","Index",NA,NA,NA,NA,NA,-1.61927513748538,"constant","data","DlnormDistribution"
"Data","Index","log_sd","Index",NA,NA,NA,NA,NA,-1.61927513748538,"constant","data","DlnormDistribution"
"Data","Index","log_sd","Index",NA,NA,NA,NA,NA,-1.61927513748538,"constant","data","DlnormDistribution"
"Data","Index","log_sd","Index",NA,NA,NA,NA,NA,-1.61927513748538,"constant","data","DlnormDistribution"
"Recruitment","Beverton--Holt","log_rzero",NA,NA,NA,NA,NA,NA,13.8155105579643,"fixed_effects",NA,NA
"Recruitment","Beverton--Holt","log_r",NA,NA,NA,NA,NA,NA,0,"constant",NA,NA
"Recruitment","Beverton--Holt","log_r",NA,NA,NA,NA,NA,NA,0,"constant",NA,NA
"Recruitment","Beverton--Holt","log_r",NA,NA,NA,NA,NA,NA,0,"constant",NA,NA
"Recruitment","Beverton--Holt","log_r",NA,NA,NA,NA,NA,NA,0,"constant",NA,NA
"Recruitment","Beverton--Holt","log_r",NA,NA,NA,NA,NA,NA,0,"constant",NA,NA
"Recruitment","Beverton--Holt","log_r",NA,NA,NA,NA,NA,NA,0,"constant",NA,NA
"Recruitment","Beverton--Holt","log_r",NA,NA,NA,NA,NA,NA,0,"constant",NA,NA
"Recruitment","Beverton--Holt","log_r",NA,NA,NA,NA,NA,NA,0,"constant",NA,NA
"Recruitment","Beverton--Holt","log_r",NA,NA,NA,NA,NA,NA,0,"constant",NA,NA
"Recruitment","Beverton--Holt","log_r",NA,NA,NA,NA,NA,NA,0,"constant",NA,NA
"Recruitment","Beverton--Holt","log_r",NA,NA,NA,NA,NA,NA,0,"constant",NA,NA
"Recruitment","Beverton--Holt","log_r",NA,NA,NA,NA,NA,NA,0,"constant",NA,NA
"Recruitment","Beverton--Holt","log_r",NA,NA,NA,NA,NA,NA,0,"constant",NA,NA
"Recruitment","Beverton--Holt","log_r",NA,NA,NA,NA,NA,NA,0,"constant",NA,NA
"Recruitment","Beverton--Holt","log_r",NA,NA,NA,NA,NA,NA,0,"constant",NA,NA
"Recruitment","Beverton--Holt","log_r",NA,NA,NA,NA,NA,NA,0,"constant",NA,NA
"Recruitment","Beverton--Holt","log_r",NA,NA,NA,NA,NA,NA,0,"constant",NA,NA
"Recruitment","Beverton--Holt","log_r",NA,NA,NA,NA,NA,NA,0,"constant",NA,NA
"Recruitment","Beverton--Holt","log_r",NA,NA,NA,NA,NA,NA,0,"constant",NA,NA
"Recruitment","Beverton--Holt","log_r",NA,NA,NA,NA,NA,NA,0,"constant",NA,NA
"Recruitment","Beverton--Holt","log_r",NA,NA,NA,NA,NA,NA,0,"constant",NA,NA
"Recruitment","Beverton--Holt","log_r",NA,NA,NA,NA,NA,NA,0,"constant",NA,NA
"Recruitment","Beverton--Holt","log_r",NA,NA,NA,NA,NA,NA,0,"constant",NA,NA
"Recruitment","Beverton--Holt","log_r",NA,NA,NA,NA,NA,NA,0,"constant",NA,NA
"Recruitment","Beverton--Holt","log_r",NA,NA,NA,NA,NA,NA,0,"constant",NA,NA
"Recruitment","Beverton--Holt","log_r",NA,NA,NA,NA,NA,NA,0,"constant",NA,NA
"Recruitment","Beverton--Holt","log_r",NA,NA,NA,NA,NA,NA,0,"constant",NA,NA
"Recruitment","Beverton--Holt","log_r",NA,NA,NA,NA,NA,NA,0,"constant",NA,NA
"Recruitment","Beverton--Holt","log_r",NA,NA,NA,NA,NA,NA,0,"constant",NA,NA
"Recruitment","Beverton--Holt","logit_steep",NA,NA,NA,NA,NA,NA,0.78845736036427,"constant",NA,NA
"Recruitment","Beverton--Holt","log_devs",NA,NA,NA,NA,NA,NA,0,"fixed_effects",NA,NA
"Recruitment","Beverton--Holt","log_devs",NA,NA,NA,NA,NA,NA,0,"fixed_effects",NA,NA
"Recruitment","Beverton--Holt","log_devs",NA,NA,NA,NA,NA,NA,0,"fixed_effects",NA,NA
"Recruitment","Beverton--Holt","log_devs",NA,NA,NA,NA,NA,NA,0,"fixed_effects",NA,NA
"Recruitment","Beverton--Holt","log_devs",NA,NA,NA,NA,NA,NA,0,"fixed_effects",NA,NA
"Recruitment","Beverton--Holt","log_devs",NA,NA,NA,NA,NA,NA,0,"fixed_effects",NA,NA
"Recruitment","Beverton--Holt","log_devs",NA,NA,NA,NA,NA,NA,0,"fixed_effects",NA,NA
"Recruitment","Beverton--Holt","log_devs",NA,NA,NA,NA,NA,NA,0,"fixed_effects",NA,NA
"Recruitment","Beverton--Holt","log_devs",NA,NA,NA,NA,NA,NA,0,"fixed_effects",NA,NA
"Recruitment","Beverton--Holt","log_devs",NA,NA,NA,NA,NA,NA,0,"fixed_effects",NA,NA
"Recruitment","Beverton--Holt","log_devs",NA,NA,NA,NA,NA,NA,0,"fixed_effects",NA,NA
"Recruitment","Beverton--Holt","log_devs",NA,NA,NA,NA,NA,NA,0,"fixed_effects",NA,NA
"Recruitment","Beverton--Holt","log_devs",NA,NA,NA,NA,NA,NA,0,"fixed_effects",NA,NA
"Recruitment","Beverton--Holt","log_devs",NA,NA,NA,NA,NA,NA,0,"fixed_effects",NA,NA
"Recruitment","Beverton--Holt","log_devs",NA,NA,NA,NA,NA,NA,0,"fixed_effects",NA,NA
"Recruitment","Beverton--Holt","log_devs",NA,NA,NA,NA,NA,NA,0,"fixed_effects",NA,NA
"Recruitment","Beverton--Holt","log_devs",NA,NA,NA,NA,NA,NA,0,"fixed_effects",NA,NA
"Recruitment","Beverton--Holt","log_devs",NA,NA,NA,NA,NA,NA,0,"fixed_effects",NA,NA
"Recruitment","Beverton--Holt","log_devs",NA,NA,NA,NA,NA,NA,0,"fixed_effects",NA,NA
"Recruitment","Beverton--Holt","log_devs",NA,NA,NA,NA,NA,NA,0,"fixed_effects",NA,NA
"Recruitment","Beverton--Holt","log_devs",NA,NA,NA,NA,NA,NA,0,"fixed_effects",NA,NA
"Recruitment","Beverton--Holt","log_devs",NA,NA,NA,NA,NA,NA,0,"fixed_effects",NA,NA
"Recruitment","Beverton--Holt","log_devs",NA,NA,NA,NA,NA,NA,0,"fixed_effects",NA,NA
"Recruitment","Beverton--Holt","log_devs",NA,NA,NA,NA,NA,NA,0,"fixed_effects",NA,NA
"Recruitment","Beverton--Holt","log_devs",NA,NA,NA,NA,NA,NA,0,"fixed_effects",NA,NA
"Recruitment","Beverton--Holt","log_devs",NA,NA,NA,NA,NA,NA,0,"fixed_effects",NA,NA
"Recruitment","Beverton--Holt","log_devs",NA,NA,NA,NA,NA,NA,0,"fixed_effects",NA,NA
"Recruitment","Beverton--Holt","log_devs",NA,NA,NA,NA,NA,NA,0,"fixed_effects",NA,NA
"Recruitment","Beverton--Holt","log_devs",NA,NA,NA,NA,NA,NA,0,"fixed_effects",NA,NA
"Recruitment","Beverton--Holt","log_expected_recruitment",NA,NA,NA,NA,NA,NA,0,"constant",NA,NA
"Recruitment","Beverton--Holt","log_expected_recruitment",NA,NA,NA,NA,NA,NA,0,"constant",NA,NA
"Recruitment","Beverton--Holt","log_expected_recruitment",NA,NA,NA,NA,NA,NA,0,"constant",NA,NA
"Recruitment","Beverton--Holt","log_expected_recruitment",NA,NA,NA,NA,NA,NA,0,"constant",NA,NA
"Recruitment","Beverton--Holt","log_expected_recruitment",NA,NA,NA,NA,NA,NA,0,"constant",NA,NA
"Recruitment","Beverton--Holt","log_expected_recruitment",NA,NA,NA,NA,NA,NA,0,"constant",NA,NA
"Recruitment","Beverton--Holt","log_expected_recruitment",NA,NA,NA,NA,NA,NA,0,"constant",NA,NA
"Recruitment","Beverton--Holt","log_expected_recruitment",NA,NA,NA,NA,NA,NA,0,"constant",NA,NA
"Recruitment","Beverton--Holt","log_expected_recruitment",NA,NA,NA,NA,NA,NA,0,"constant",NA,NA
"Recruitment","Beverton--Holt","log_expected_recruitment",NA,NA,NA,NA,NA,NA,0,"constant",NA,NA
"Recruitment","Beverton--Holt","log_expected_recruitment",NA,NA,NA,NA,NA,NA,0,"constant",NA,NA
"Recruitment","Beverton--Holt","log_expected_recruitment",NA,NA,NA,NA,NA,NA,0,"constant",NA,NA
"Recruitment","Beverton--Holt","log_expected_recruitment",NA,NA,NA,NA,NA,NA,0,"constant",NA,NA
"Recruitment","Beverton--Holt","log_expected_recruitment",NA,NA,NA,NA,NA,NA,0,"constant",NA,NA
"Recruitment","Beverton--Holt","log_expected_recruitment",NA,NA,NA,NA,NA,NA,0,"constant",NA,NA
"Recruitment","Beverton--Holt","log_expected_recruitment",NA,NA,NA,NA,NA,NA,0,"constant",NA,NA
"Recruitment","Beverton--Holt","log_expected_recruitment",NA,NA,NA,NA,NA,NA,0,"constant",NA,NA
"Recruitment","Beverton--Holt","log_expected_recruitment",NA,NA,NA,NA,NA,NA,0,"constant",NA,NA
"Recruitment","Beverton--Holt","log_expected_recruitment",NA,NA,NA,NA,NA,NA,0,"constant",NA,NA
"Recruitment","Beverton--Holt","log_expected_recruitment",NA,NA,NA,NA,NA,NA,0,"constant",NA,NA
"Recruitment","Beverton--Holt","log_expected_recruitment",NA,NA,NA,NA,NA,NA,0,"constant",NA,NA
"Recruitment","Beverton--Holt","log_expected_recruitment",NA,NA,NA,NA,NA,NA,0,"constant",NA,NA
"Recruitment","Beverton--Holt","log_expected_recruitment",NA,NA,NA,NA,NA,NA,0,"constant",NA,NA
"Recruitment","Beverton--Holt","log_expected_recruitment",NA,NA,NA,NA,NA,NA,0,"constant",NA,NA
"Recruitment","Beverton--Holt","log_expected_recruitment",NA,NA,NA,NA,NA,NA,0,"constant",NA,NA
"Recruitment","Beverton--Holt","log_expected_recruitment",NA,NA,NA,NA,NA,NA,0,"constant",NA,NA
"Recruitment","Beverton--Holt","log_expected_recruitment",NA,NA,NA,NA,NA,NA,0,"constant",NA,NA
"Recruitment","Beverton--Holt","log_expected_recruitment",NA,NA,NA,NA,NA,NA,0,"constant",NA,NA
"Recruitment","Beverton--Holt","log_expected_recruitment",NA,NA,NA,NA,NA,NA,0,"constant",NA,NA
"Recruitment","Beverton--Holt","log_expected_recruitment",NA,NA,NA,NA,NA,NA,0,"constant",NA,NA
"Recruitment","Beverton--Holt","log_expected_recruitment",NA,NA,NA,NA,NA,NA,0,"constant",NA,NA
"Recruitment","Beverton--Holt","log_sd","log_devs",NA,NA,NA,NA,NA,NA,"constant","process","DnormDistribution"
"Recruitment","Beverton--Holt","log_sd","log_devs",NA,NA,NA,NA,NA,NA,"constant","process","DnormDistribution"
"Recruitment","Beverton--Holt","log_sd","log_devs",NA,NA,NA,NA,NA,NA,"constant","process","DnormDistribution"
"Recruitment","Beverton--Holt","log_sd","log_devs",NA,NA,NA,NA,NA,NA,"constant","process","DnormDistribution"
"Recruitment","Beverton--Holt","log_sd","log_devs",NA,NA,NA,NA,NA,NA,"constant","process","DnormDistribution"
"Recruitment","Beverton--Holt","log_sd","log_devs",NA,NA,NA,NA,NA,NA,"constant","process","DnormDistribution"
"Recruitment","Beverton--Holt","log_sd","log_devs",NA,NA,NA,NA,NA,NA,"constant","process","DnormDistribution"
"Recruitment","Beverton--Holt","log_sd","log_devs",NA,NA,NA,NA,NA,NA,"constant","process","DnormDistribution"
"Recruitment","Beverton--Holt","log_sd","log_devs",NA,NA,NA,NA,NA,NA,"constant","process","DnormDistribution"
"Recruitment","Beverton--Holt","log_sd","log_devs",NA,NA,NA,NA,NA,NA,"constant","process","DnormDistribution"
"Recruitment","Beverton--Holt","log_sd","log_devs",NA,NA,NA,NA,NA,NA,"constant","process","DnormDistribution"
"Recruitment","Beverton--Holt","log_sd","log_devs",NA,NA,NA,NA,NA,NA,"constant","process","DnormDistribution"
"Recruitment","Beverton--Holt","log_sd","log_devs",NA,NA,NA,NA,NA,NA,"constant","process","DnormDistribution"
"Recruitment","Beverton--Holt","log_sd","log_devs",NA,NA,NA,NA,NA,NA,"constant","process","DnormDistribution"
"Recruitment","Beverton--Holt","log_sd","log_devs",NA,NA,NA,NA,NA,NA,"constant","process","DnormDistribution"
"Recruitment","Beverton--Holt","log_sd","log_devs",NA,NA,NA,NA,NA,NA,"constant","process","DnormDistribution"
"Recruitment","Beverton--Holt","log_sd","log_devs",NA,NA,NA,NA,NA,NA,"constant","process","DnormDistribution"
"Recruitment","Beverton--Holt","log_sd","log_devs",NA,NA,NA,NA,NA,NA,"constant","process","DnormDistribution"
"Recruitment","Beverton--Holt","log_sd","log_devs",NA,NA,NA,NA,NA,NA,"constant","process","DnormDistribution"
"Recruitment","Beverton--Holt","log_sd","log_devs",NA,NA,NA,NA,NA,NA,"constant","process","DnormDistribution"
"Recruitment","Beverton--Holt","log_sd","log_devs",NA,NA,NA,NA,NA,NA,"constant","process","DnormDistribution"
"Recruitment","Beverton--Holt","log_sd","log_devs",NA,NA,NA,NA,NA,NA,"constant","process","DnormDistribution"
"Recruitment","Beverton--Holt","log_sd","log_devs",NA,NA,NA,NA,NA,NA,"constant","process","DnormDistribution"
"Recruitment","Beverton--Holt","log_sd","log_devs",NA,NA,NA,NA,NA,NA,"constant","process","DnormDistribution"
"Recruitment","Beverton--Holt","log_sd","log_devs",NA,NA,NA,NA,NA,NA,"constant","process","DnormDistribution"
"Recruitment","Beverton--Holt","log_sd","log_devs",NA,NA,NA,NA,NA,NA,"constant","process","DnormDistribution"
"Recruitment","Beverton--Holt","log_sd","log_devs",NA,NA,NA,NA,NA,NA,"constant","process","DnormDistribution"
"Recruitment","Beverton--Holt","log_sd","log_devs",NA,NA,NA,NA,NA,NA,"constant","process","DnormDistribution"
"Recruitment","Beverton--Holt","log_sd","log_devs",NA,NA,NA,NA,NA,NA,"constant","process","DnormDistribution"
"Recruitment","Beverton--Holt","log_sd","log_devs",NA,NA,NA,NA,NA,NA,"constant","process","DnormDistribution"
"Recruitment","Beverton--Holt","x","log_devs",NA,NA,NA,NA,NA,0,"constant","process","DnormDistribution"
"Recruitment","Beverton--Holt","x","log_devs",NA,NA,NA,NA,NA,0,"constant","process","DnormDistribution"
"Recruitment","Beverton--Holt","x","log_devs",NA,NA,NA,NA,NA,0,"constant","process","DnormDistribution"
"Recruitment","Beverton--Holt","x","log_devs",NA,NA,NA,NA,NA,0,"constant","process","DnormDistribution"
"Recruitment","Beverton--Holt","x","log_devs",NA,NA,NA,NA,NA,0,"constant","process","DnormDistribution"
"Recruitment","Beverton--Holt","x","log_devs",NA,NA,NA,NA,NA,0,"constant","process","DnormDistribution"
"Recruitment","Beverton--Holt","x","log_devs",NA,NA,NA,NA,NA,0,"constant","process","DnormDistribution"
"Recruitment","Beverton--Holt","x","log_devs",NA,NA,NA,NA,NA,0,"constant","process","DnormDistribution"
"Recruitment","Beverton--Holt","x","log_devs",NA,NA,NA,NA,NA,0,"constant","process","DnormDistribution"
"Recruitment","Beverton--Holt","x","log_devs",NA,NA,NA,NA,NA,0,"constant","process","DnormDistribution"
"Recruitment","Beverton--Holt","x","log_devs",NA,NA,NA,NA,NA,0,"constant","process","DnormDistribution"
"Recruitment","Beverton--Holt","x","log_devs",NA,NA,NA,NA,NA,0,"constant","process","DnormDistribution"
"Recruitment","Beverton--Holt","x","log_devs",NA,NA,NA,NA,NA,0,"constant","process","DnormDistribution"
"Recruitment","Beverton--Holt","x","log_devs",NA,NA,NA,NA,NA,0,"constant","process","DnormDistribution"
"Recruitment","Beverton--Holt","x","log_devs",NA,NA,NA,NA,NA,0,"constant","process","DnormDistribution"
"Recruitment","Beverton--Holt","x","log_devs",NA,NA,NA,NA,NA,0,"constant","process","DnormDistribution"
"Recruitment","Beverton--Holt","x","log_devs",NA,NA,NA,NA,NA,0,"constant","process","DnormDistribution"
"Recruitment","Beverton--Holt","x","log_devs",NA,NA,NA,NA,NA,0,"constant","process","DnormDistribution"
"Recruitment","Beverton--Holt","x","log_devs",NA,NA,NA,NA,NA,0,"constant","process","DnormDistribution"
"Recruitment","Beverton--Holt","x","log_devs",NA,NA,NA,NA,NA,0,"constant","process","DnormDistribution"
"Recruitment","Beverton--Holt","x","log_devs",NA,NA,NA,NA,NA,0,"constant","process","DnormDistribution"
"Recruitment","Beverton--Holt","x","log_devs",NA,NA,NA,NA,NA,0,"constant","process","DnormDistribution"
"Recruitment","Beverton--Holt","x","log_devs",NA,NA,NA,NA,NA,0,"constant","process","DnormDistribution"
"Recruitment","Beverton--Holt","x","log_devs",NA,NA,NA,NA,NA,0,"constant","process","DnormDistribution"
"Recruitment","Beverton--Holt","x","log_devs",NA,NA,NA,NA,NA,0,"constant","process","DnormDistribution"
"Recruitment","Beverton--Holt","x","log_devs",NA,NA,NA,NA,NA,0,"constant","process","DnormDistribution"
"Recruitment","Beverton--Holt","x","log_devs",NA,NA,NA,NA,NA,0,"constant","process","DnormDistribution"
"Recruitment","Beverton--Holt","x","log_devs",NA,NA,NA,NA,NA,0,"constant","process","DnormDistribution"
"Recruitment","Beverton--Holt","x","log_devs",NA,NA,NA,NA,NA,0,"constant","process","DnormDistribution"
"Recruitment","Beverton--Holt","x","log_devs",NA,NA,NA,NA,NA,0,"constant","process","DnormDistribution"
"Recruitment","Beverton--Holt","expected_values","log_devs",NA,NA,NA,NA,NA,0,"constant","process","DnormDistribution"
"Recruitment","Beverton--Holt","expected_values","log_devs",NA,NA,NA,NA,NA,0,"constant","process","DnormDistribution"
"Recruitment","Beverton--Holt","expected_values","log_devs",NA,NA,NA,NA,NA,0,"constant","process","DnormDistribution"
"Recruitment","Beverton--Holt","expected_values","log_devs",NA,NA,NA,NA,NA,0,"constant","process","DnormDistribution"
"Recruitment","Beverton--Holt","expected_values","log_devs",NA,NA,NA,NA,NA,0,"constant","process","DnormDistribution"
"Recruitment","Beverton--Holt","expected_values","log_devs",NA,NA,NA,NA,NA,0,"constant","process","DnormDistribution"
"Recruitment","Beverton--Holt","expected_values","log_devs",NA,NA,NA,NA,NA,0,"constant","process","DnormDistribution"
"Recruitment","Beverton--Holt","expected_values","log_devs",NA,NA,NA,NA,NA,0,"constant","process","DnormDistribution"
"Recruitment","Beverton--Holt","expected_values","log_devs",NA,NA,NA,NA,NA,0,"constant","process","DnormDistribution"
"Recruitment","Beverton--Holt","expected_values","log_devs",NA,NA,NA,NA,NA,0,"constant","process","DnormDistribution"
"Recruitment","Beverton--Holt","expected_values","log_devs",NA,NA,NA,NA,NA,0,"constant","process","DnormDistribution"
"Recruitment","Beverton--Holt","expected_values","log_devs",NA,NA,NA,NA,NA,0,"constant","process","DnormDistribution"
"Recruitment","Beverton--Holt","expected_values","log_devs",NA,NA,NA,NA,NA,0,"constant","process","DnormDistribution"
"Recruitment","Beverton--Holt","expected_values","log_devs",NA,NA,NA,NA,NA,0,"constant","process","DnormDistribution"
"Recruitment","Beverton--Holt","expected_values","log_devs",NA,NA,NA,NA,NA,0,"constant","process","DnormDistribution"
"Recruitment","Beverton--Holt","expected_values","log_devs",NA,NA,NA,NA,NA,0,"constant","process","DnormDistribution"
"Recruitment","Beverton--Holt","expected_values","log_devs",NA,NA,NA,NA,NA,0,"constant","process","DnormDistribution"
"Recruitment","Beverton--Holt","expected_values","log_devs",NA,NA,NA,NA,NA,0,"constant","process","DnormDistribution"
"Recruitment","Beverton--Holt","expected_values","log_devs",NA,NA,NA,NA,NA,0,"constant","process","DnormDistribution"
"Recruitment","Beverton--Holt","expected_values","log_devs",NA,NA,NA,NA,NA,0,"constant","process","DnormDistribution"
"Recruitment","Beverton--Holt","expected_values","log_devs",NA,NA,NA,NA,NA,0,"constant","process","DnormDistribution"
"Recruitment","Beverton--Holt","expected_values","log_devs",NA,NA,NA,NA,NA,0,"constant","process","DnormDistribution"
"Recruitment","Beverton--Holt","expected_values","log_devs",NA,NA,NA,NA,NA,0,"constant","process","DnormDistribution"
"Recruitment","Beverton--Holt","expected_values","log_devs",NA,NA,NA,NA,NA,0,"constant","process","DnormDistribution"
"Recruitment","Beverton--Holt","expected_values","log_devs",NA,NA,NA,NA,NA,0,"constant","process","DnormDistribution"
"Recruitment","Beverton--Holt","expected_values","log_devs",NA,NA,NA,NA,NA,0,"constant","process","DnormDistribution"
"Recruitment","Beverton--Holt","expected_values","log_devs",NA,NA,NA,NA,NA,0,"constant","process","DnormDistribution"
"Recruitment","Beverton--Holt","expected_values","log_devs",NA,NA,NA,NA,NA,0,"constant","process","DnormDistribution"
"Recruitment","Beverton--Holt","expected_values","log_devs",NA,NA,NA,NA,NA,0,"constant","process","DnormDistribution"
"Recruitment","Beverton--Holt","expected_values","log_devs",NA,NA,NA,NA,NA,0,"constant","process","DnormDistribution"
"Maturity","Logistic","inflection_point",NA,NA,NA,NA,NA,NA,2,"constant",NA,NA
"Maturity","Logistic","slope",NA,NA,NA,NA,NA,NA,1,"constant",NA,NA
"Population","Population","log_M",NA,NA,NA,NA,NA,NA,-1.6094379124341,"constant",NA,NA
"Population","Population","log_M",NA,NA,NA,NA,NA,NA,-1.6094379124341,"constant",NA,NA
"Population","Population","log_M",NA,NA,NA,NA,NA,NA,-1.6094379124341,"constant",NA,NA
"Population","Population","log_M",NA,NA,NA,NA,NA,NA,-1.6094379124341,"constant",NA,NA
"Population","Population","log_M",NA,NA,NA,NA,NA,NA,-1.6094379124341,"constant",NA,NA
"Population","Population","log_M",NA,NA,NA,NA,NA,NA,-1.6094379124341,"constant",NA,NA
"Population","Population","log_M",NA,NA,NA,NA,NA,NA,-1.6094379124341,"constant",NA,NA
"Population","Population","log_M",NA,NA,NA,NA,NA,NA,-1.6094379124341,"constant",NA,NA
"Population","Population","log_M",NA,NA,NA,NA,NA,NA,-1.6094379124341,"constant",NA,NA
"Population","Population","log_M",NA,NA,NA,NA,NA,NA,-1.6094379124341,"constant",NA,NA
"Population","Population","log_M",NA,NA,NA,NA,NA,NA,-1.6094379124341,"constant",NA,NA
"Population","Population","log_M",NA,NA,NA,NA,NA,NA,-1.6094379124341,"constant",NA,NA
"Population","Population","log_M",NA,NA,NA,NA,NA,NA,-1.6094379124341,"constant",NA,NA
"Population","Population","log_M",NA,NA,NA,NA,NA,NA,-1.6094379124341,"constant",NA,NA
"Population","Population","log_M",NA,NA,NA,NA,NA,NA,-1.6094379124341,"constant",NA,NA
"Population","Population","log_M",NA,NA,NA,NA,NA,NA,-1.6094379124341,"constant",NA,NA
"Population","Population","log_M",NA,NA,NA,NA,NA,NA,-1.6094379124341,"constant",NA,NA
"Population","Population","log_M",NA,NA,NA,NA,NA,NA,-1.6094379124341,"constant",NA,NA
"Population","Population","log_M",NA,NA,NA,NA,NA,NA,-1.6094379124341,"constant",NA,NA
"Population","Population","log_M",NA,NA,NA,NA,NA,NA,-1.6094379124341,"constant",NA,NA
"Population","Population","log_M",NA,NA,NA,NA,NA,NA,-1.6094379124341,"constant",NA,NA
"Population","Population","log_M",NA,NA,NA,NA,NA,NA,-1.6094379124341,"constant",NA,NA
"Population","Population","log_M",NA,NA,NA,NA,NA,NA,-1.6094379124341,"constant",NA,NA
"Population","Population","log_M",NA,NA,NA,NA,NA,NA,-1.6094379124341,"constant",NA,NA
"Population","Population","log_M",NA,NA,NA,NA,NA,NA,-1.6094379124341,"constant",NA,NA
"Population","Population","log_M",NA,NA,NA,NA,NA,NA,-1.6094379124341,"constant",NA,NA
"Population","Population","log_M",NA,NA,NA,NA,NA,NA,-1.6094379124341,"constant",NA,NA
"Population","Population","log_M",NA,NA,NA,NA,NA,NA,-1.6094379124341,"constant",NA,NA
"Population","Population","log_M",NA,NA,NA,NA,NA,NA,-1.6094379124341,"constant",NA,NA
"Population","Population","log_M",NA,NA,NA,NA,NA,NA,-1.6094379124341,"constant",NA,NA
"Population","Population","log_M",NA,NA,NA,NA,NA,NA,-1.6094379124341,"constant",NA,NA
"Population","Population","log_M",NA,NA,NA,NA,NA,NA,-1.6094379124341,"constant",NA,NA
"Population","Population","log_M",NA,NA,NA,NA,NA,NA,-1.6094379124341,"constant",NA,NA
"Population","Population","log_M",NA,NA,NA,NA,NA,NA,-1.6094379124341,"constant",NA,NA
"Population","Population","log_M",NA,NA,NA,NA,NA,NA,-1.6094379124341,"constant",NA,NA
"Population","Population","log_M",NA,NA,NA,NA,NA,NA,-1.6094379124341,"constant",NA,NA
"Population","Population","log_M",NA,NA,NA,NA,NA,NA,-1.6094379124341,"constant",NA,NA
"Population","Population","log_M",NA,NA,NA,NA,NA,NA,-1.6094379124341,"constant",NA,NA
"Population","Population","log_M",NA,NA,NA,NA,NA,NA,-1.6094379124341,"constant",NA,NA
"Population","Population","log_M",NA,NA,NA,NA,NA,NA,-1.6094379124341,"constant",NA,NA
"Population","Population","log_M",NA,NA,NA,NA,NA,NA,-1.6094379124341,"constant",NA,NA
"Population","Population","log_M",NA,NA,NA,NA,NA,NA,-1.6094379124341,"constant",NA,NA
"Population","Population","log_M",NA,NA,NA,NA,NA,NA,-1.6094379124341,"constant",NA,NA
"Population","Population","log_M",NA,NA,NA,NA,NA,NA,-1.6094379124341,"constant",NA,NA
"Population","Population","log_M",NA,NA,NA,NA,NA,NA,-1.6094379124341,"constant",NA,NA
"Population","Population","log_M",NA,NA,NA,NA,NA,NA,-1.6094379124341,"constant",NA,NA
"Population","Population","log_M",NA,NA,NA,NA,NA,NA,-1.6094379124341,"constant",NA,NA
"Population","Population","log_M",NA,NA,NA,NA,NA,NA,-1.6094379124341,"constant",NA,NA
"Population","Population","log_M",NA,NA,NA,NA,NA,NA,-1.6094379124341,"constant",NA,NA
"Population","Population","log_M",NA,NA,NA,NA,NA,NA,-1.6094379124341,"constant",NA,NA
"Population","Population","log_M",NA,NA,NA,NA,NA,NA,-1.6094379124341,"constant",NA,NA
"Population","Population","log_M",NA,NA,NA,NA,NA,NA,-1.6094379124341,"constant",NA,NA
"Population","Population","log_M",NA,NA,NA,NA,NA,NA,-1.6094379124341,"constant",NA,NA
"Population","Population","log_M",NA,NA,NA,NA,NA,NA,-1.6094379124341,"constant",NA,NA
"Population","Population","log_M",NA,NA,NA,NA,NA,NA,-1.6094379124341,"constant",NA,NA
"Population","Population","log_M",NA,NA,NA,NA,NA,NA,-1.6094379124341,"constant",NA,NA
"Population","Population","log_M",NA,NA,NA,NA,NA,NA,-1.6094379124341,"constant",NA,NA
"Population","Population","log_M",NA,NA,NA,NA,NA,NA,-1.6094379124341,"constant",NA,NA
"Population","Population","log_M",NA,NA,NA,NA,NA,NA,-1.6094379124341,"constant",NA,NA
"Population","Population","log_M",NA,NA,NA,NA,NA,NA,-1.6094379124341,"constant",NA,NA
"Population","Population","log_M",NA,NA,NA,NA,NA,NA,-1.6094379124341,"constant",NA,NA
"Population","Population","log_M",NA,NA,NA,NA,NA,NA,-1.6094379124341,"constant",NA,NA
"Population","Population","log_M",NA,NA,NA,NA,NA,NA,-1.6094379124341,"constant",NA,NA
"Population","Population","log_M",NA,NA,NA,NA,NA,NA,-1.6094379124341,"constant",NA,NA
"Population","Population","log_M",NA,NA,NA,NA,NA,NA,-1.6094379124341,"constant",NA,NA
"Population","Population","log_M",NA,NA,NA,NA,NA,NA,-1.6094379124341,"constant",NA,NA
"Population","Population","log_M",NA,NA,NA,NA,NA,NA,-1.6094379124341,"constant",NA,NA
"Population","Population","log_M",NA,NA,NA,NA,NA,NA,-1.6094379124341,"constant",NA,NA
"Population","Population","log_M",NA,NA,NA,NA,NA,NA,-1.6094379124341,"constant",NA,NA
"Population","Population","log_M",NA,NA,NA,NA,NA,NA,-1.6094379124341,"constant",NA,NA
"Population","Population","log_M",NA,NA,NA,NA,NA,NA,-1.6094379124341,"constant",NA,NA
"Population","Population","log_M",NA,NA,NA,NA,NA,NA,-1.6094379124341,"constant",NA,NA
"Population","Population","log_M",NA,NA,NA,NA,NA,NA,-1.6094379124341,"constant",NA,NA
"Population","Population","log_M",NA,NA,NA,NA,NA,NA,-1.6094379124341,"constant",NA,NA
"Population","Population","log_M",NA,NA,NA,NA,NA,NA,-1.6094379124341,"constant",NA,NA
"Population","Population","log_M",NA,NA,NA,NA,NA,NA,-1.6094379124341,"constant",NA,NA
"Population","Population","log_M",NA,NA,NA,NA,NA,NA,-1.6094379124341,"constant",NA,NA
"Population","Population","log_M",NA,NA,NA,NA,NA,NA,-1.6094379124341,"constant",NA,NA
"Population","Population","log_M",NA,NA,NA,NA,NA,NA,-1.6094379124341,"constant",NA,NA
"Population","Population","log_M",NA,NA,NA,NA,NA,NA,-1.6094379124341,"constant",NA,NA
"Population","Population","log_M",NA,NA,NA,NA,NA,NA,-1.6094379124341,"constant",NA,NA
"Population","Population","log_M",NA,NA,NA,NA,NA,NA,-1.6094379124341,"constant",NA,NA
"Population","Population","log_M",NA,NA,NA,NA,NA,NA,-1.6094379124341,"constant",NA,NA
"Population","Population","log_M",NA,NA,NA,NA,NA,NA,-1.6094379124341,"constant",NA,NA
"Population","Population","log_M",NA,NA,NA,NA,NA,NA,-1.6094379124341,"constant",NA,NA
"Population","Population","log_M",NA,NA,NA,NA,NA,NA,-1.6094379124341,"constant",NA,NA
"Population","Population","log_M",NA,NA,NA,NA,NA,NA,-1.6094379124341,"constant",NA,NA
"Population","Population","log_M",NA,NA,NA,NA,NA,NA,-1.6094379124341,"constant",NA,NA
"Population","Population","log_M",NA,NA,NA,NA,NA,NA,-1.6094379124341,"constant",NA,NA
"Population","Population","log_M",NA,NA,NA,NA,NA,NA,-1.6094379124341,"constant",NA,NA
"Population","Population","log_M",NA,NA,NA,NA,NA,NA,-1.6094379124341,"constant",NA,NA
"Population","Population","log_M",NA,NA,NA,NA,NA,NA,-1.6094379124341,"constant",NA,NA
"Population","Population","log_M",NA,NA,NA,NA,NA,NA,-1.6094379124341,"constant",NA,NA
"Population","Population","log_M",NA,NA,NA,NA,NA,NA,-1.6094379124341,"constant",NA,NA
"Population","Population","log_M",NA,NA,NA,NA,NA,NA,-1.6094379124341,"constant",NA,NA
"Population","Population","log_M",NA,NA,NA,NA,NA,NA,-1.6094379124341,"constant",NA,NA
"Population","Population","log_M",NA,NA,NA,NA,NA,NA,-1.6094379124341,"constant",NA,NA
"Population","Population","log_M",NA,NA,NA,NA,NA,NA,-1.6094379124341,"constant",NA,NA
"Population","Population","log_M",NA,NA,NA,NA,NA,NA,-1.6094379124341,"constant",NA,NA
"Population","Population","log_M",NA,NA,NA,NA,NA,NA,-1.6094379124341,"constant",NA,NA
"Population","Population","log_M",NA,NA,NA,NA,NA,NA,-1.6094379124341,"constant",NA,NA
"Population","Population","log_M",NA,NA,NA,NA,NA,NA,-1.6094379124341,"constant",NA,NA
"Population","Population","log_M",NA,NA,NA,NA,NA,NA,-1.6094379124341,"constant",NA,NA
"Population","Population","log_M",NA,NA,NA,NA,NA,NA,-1.6094379124341,"constant",NA,NA
"Population","Population","log_M",NA,NA,NA,NA,NA,NA,-1.6094379124341,"constant",NA,NA
"Population","Population","log_M",NA,NA,NA,NA,NA,NA,-1.6094379124341,"constant",NA,NA
"Population","Population","log_M",NA,NA,NA,NA,NA,NA,-1.6094379124341,"constant",NA,NA
"Population","Population","log_M",NA,NA,NA,NA,NA,NA,-1.6094379124341,"constant",NA,NA
"Population","Population","log_M",NA,NA,NA,NA,NA,NA,-1.6094379124341,"constant",NA,NA
"Population","Population","log_M",NA,NA,NA,NA,NA,NA,-1.6094379124341,"constant",NA,NA
"Population","Population","log_M",NA,NA,NA,NA,NA,NA,-1.6094379124341,"constant",NA,NA
"Population","Population","log_M",NA,NA,NA,NA,NA,NA,-1.6094379124341,"constant",NA,NA
"Population","Population","log_M",NA,NA,NA,NA,NA,NA,-1.6094379124341,"constant",NA,NA
"Population","Population","log_M",NA,NA,NA,NA,NA,NA,-1.6094379124341,"constant",NA,NA
"Population","Population","log_M",NA,NA,NA,NA,NA,NA,-1.6094379124341,"constant",NA,NA
"Population","Population","log_M",NA,NA,NA,NA,NA,NA,-1.6094379124341,"constant",NA,NA
"Population","Population","log_M",NA,NA,NA,NA,NA,NA,-1.6094379124341,"constant",NA,NA
"Population","Population","log_M",NA,NA,NA,NA,NA,NA,-1.6094379124341,"constant",NA,NA
"Population","Population","log_M",NA,NA,NA,NA,NA,NA,-1.6094379124341,"constant",NA,NA
"Population","Population","log_M",NA,NA,NA,NA,NA,NA,-1.6094379124341,"constant",NA,NA
"Population","Population","log_M",NA,NA,NA,NA,NA,NA,-1.6094379124341,"constant",NA,NA
"Population","Population","log_M",NA,NA,NA,NA,NA,NA,-1.6094379124341,"constant",NA,NA
"Population","Population","log_M",NA,NA,NA,NA,NA,NA,-1.6094379124341,"constant",NA,NA
"Population","Population","log_M",NA,NA,NA,NA,NA,NA,-1.6094379124341,"constant",NA,NA
"Population","Population","log_M",NA,NA,NA,NA,NA,NA,-1.6094379124341,"constant",NA,NA
"Population","Population","log_M",NA,NA,NA,NA,NA,NA,-1.6094379124341,"constant",NA,NA
"Population","Population","log_M",NA,NA,NA,NA,NA,NA,-1.6094379124341,"constant",NA,NA
"Population","Population","log_M",NA,NA,NA,NA,NA,NA,-1.6094379124341,"constant",NA,NA
"Population","Population","log_M",NA,NA,NA,NA,NA,NA,-1.6094379124341,"constant",NA,NA
"Population","Population","log_M",NA,NA,NA,NA,NA,NA,-1.6094379124341,"constant",NA,NA
"Population","Population","log_M",NA,NA,NA,NA,NA,NA,-1.6094379124341,"constant",NA,NA
"Population","Population","log_M",NA,NA,NA,NA,NA,NA,-1.6094379124341,"constant",NA,NA
"Population","Population","log_M",NA,NA,NA,NA,NA,NA,-1.6094379124341,"constant",NA,NA
"Population","Population","log_M",NA,NA,NA,NA,NA,NA,-1.6094379124341,"constant",NA,NA
"Population","Population","log_M",NA,NA,NA,NA,NA,NA,-1.6094379124341,"constant",NA,NA
"Population","Population","log_M",NA,NA,NA,NA,NA,NA,-1.6094379124341,"constant",NA,NA
"Population","Population","log_M",NA,NA,NA,NA,NA,NA,-1.6094379124341,"constant",NA,NA
"Population","Population","log_M",NA,NA,NA,NA,NA,NA,-1.6094379124341,"constant",NA,NA
"Population","Population","log_M",NA,NA,NA,NA,NA,NA,-1.6094379124341,"constant",NA,NA
"Population","Population","log_M",NA,NA,NA,NA,NA,NA,-1.6094379124341,"constant",NA,NA
"Population","Population","log_M",NA,NA,NA,NA,NA,NA,-1.6094379124341,"constant",NA,NA
"Population","Population","log_M",NA,NA,NA,NA,NA,NA,-1.6094379124341,"constant",NA,NA
"Population","Population","log_M",NA,NA,NA,NA,NA,NA,-1.6094379124341,"constant",NA,NA
"Population","Population","log_M",NA,NA,NA,NA,NA,NA,-1.6094379124341,"constant",NA,NA
"Population","Population","log_M",NA,NA,NA,NA,NA,NA,-1.6094379124341,"constant",NA,NA
"Population","Population","log_M",NA,NA,NA,NA,NA,NA,-1.6094379124341,"constant",NA,NA
"Population","Population","log_M",NA,NA,NA,NA,NA,NA,-1.6094379124341,"constant",NA,NA
"Population","Population","log_M",NA,NA,NA,NA,NA,NA,-1.6094379124341,"constant",NA,NA
"Population","Population","log_M",NA,NA,NA,NA,NA,NA,-1.6094379124341,"constant",NA,NA
"Population","Population","log_M",NA,NA,NA,NA,NA,NA,-1.6094379124341,"constant",NA,NA
"Population","Population","log_M",NA,NA,NA,NA,NA,NA,-1.6094379124341,"constant",NA,NA
"Population","Population","log_M",NA,NA,NA,NA,NA,NA,-1.6094379124341,"constant",NA,NA
"Population","Population","log_M",NA,NA,NA,NA,NA,NA,-1.6094379124341,"constant",NA,NA
"Population","Population","log_M",NA,NA,NA,NA,NA,NA,-1.6094379124341,"constant",NA,NA
"Population","Population","log_M",NA,NA,NA,NA,NA,NA,-1.6094379124341,"constant",NA,NA
"Population","Population","log_M",NA,NA,NA,NA,NA,NA,-1.6094379124341,"constant",NA,NA
"Population","Population","log_M",NA,NA,NA,NA,NA,NA,-1.6094379124341,"constant",NA,NA
"Population","Population","log_M",NA,NA,NA,NA,NA,NA,-1.6094379124341,"constant",NA,NA
"Population","Population","log_M",NA,NA,NA,NA,NA,NA,-1.6094379124341,"constant",NA,NA
"Population","Population","log_M",NA,NA,NA,NA,NA,NA,-1.6094379124341,"constant",NA,NA
"Population","Population","log_M",NA,NA,NA,NA,NA,NA,-1.6094379124341,"constant",NA,NA
"Population","Population","log_M",NA,NA,NA,NA,NA,NA,-1.6094379124341,"constant",NA,NA
"Population","Population","log_M",NA,NA,NA,NA,NA,NA,-1.6094379124341,"constant",NA,NA
"Population","Population","log_M",NA,NA,NA,NA,NA,NA,-1.6094379124341,"constant",NA,NA
"Population","Population","log_M",NA,NA,NA,NA,NA,NA,-1.6094379124341,"constant",NA,NA
"Population","Population","log_M",NA,NA,NA,NA,NA,NA,-1.6094379124341,"constant",NA,NA
"Population","Population","log_M",NA,NA,NA,NA,NA,NA,-1.6094379124341,"constant",NA,NA
"Population","Population","log_M",NA,NA,NA,NA,NA,NA,-1.6094379124341,"constant",NA,NA
"Population","Population","log_M",NA,NA,NA,NA,NA,NA,-1.6094379124341,"constant",NA,NA
"Population","Population","log_M",NA,NA,NA,NA,NA,NA,-1.6094379124341,"constant",NA,NA
"Population","Population","log_M",NA,NA,NA,NA,NA,NA,-1.6094379124341,"constant",NA,NA
"Population","Population","log_M",NA,NA,NA,NA,NA,NA,-1.6094379124341,"constant",NA,NA
"Population","Population","log_M",NA,NA,NA,NA,NA,NA,-1.6094379124341,"constant",NA,NA
"Population","Population","log_M",NA,NA,NA,NA,NA,NA,-1.6094379124341,"constant",NA,NA
"Population","Population","log_M",NA,NA,NA,NA,NA,NA,-1.6094379124341,"constant",NA,NA
"Population","Population","log_M",NA,NA,NA,NA,NA,NA,-1.6094379124341,"constant",NA,NA
"Population","Population","log_M",NA,NA,NA,NA,NA,NA,-1.6094379124341,"constant",NA,NA
"Population","Population","log_M",NA,NA,NA,NA,NA,NA,-1.6094379124341,"constant",NA,NA
"Population","Population","log_M",NA,NA,NA,NA,NA,NA,-1.6094379124341,"constant",NA,NA
"Population","Population","log_M",NA,NA,NA,NA,NA,NA,-1.6094379124341,"constant",NA,NA
"Population","Population","log_M",NA,NA,NA,NA,NA,NA,-1.6094379124341,"constant",NA,NA
"Population","Population","log_M",NA,NA,NA,NA,NA,NA,-1.6094379124341,"constant",NA,NA
"Population","Population","log_M",NA,NA,NA,NA,NA,NA,-1.6094379124341,"constant",NA,NA
"Population","Population","log_M",NA,NA,NA,NA,NA,NA,-1.6094379124341,"constant",NA,NA
"Population","Population","log_M",NA,NA,NA,NA,NA,NA,-1.6094379124341,"constant",NA,NA
"Population","Population","log_M",NA,NA,NA,NA,NA,NA,-1.6094379124341,"constant",NA,NA
"Population","Population","log_M",NA,NA,NA,NA,NA,NA,-1.6094379124341,"constant",NA,NA
"Population","Population","log_M",NA,NA,NA,NA,NA,NA,-1.6094379124341,"constant",NA,NA
"Population","Population","log_M",NA,NA,NA,NA,NA,NA,-1.6094379124341,"constant",NA,NA
"Population","Population","log_M",NA,NA,NA,NA,NA,NA,-1.6094379124341,"constant",NA,NA
"Population","Population","log_M",NA,NA,NA,NA,NA,NA,-1.6094379124341,"constant",NA,NA
"Population","Population","log_M",NA,NA,NA,NA,NA,NA,-1.6094379124341,"constant",NA,NA
"Population","Population","log_M",NA,NA,NA,NA,NA,NA,-1.6094379124341,"constant",NA,NA
"Population","Population","log_M",NA,NA,NA,NA,NA,NA,-1.6094379124341,"constant",NA,NA
"Population","Population","log_M",NA,NA,NA,NA,NA,NA,-1.6094379124341,"constant",NA,NA
"Population","Population","log_M",NA,NA,NA,NA,NA,NA,-1.6094379124341,"constant",NA,NA
"Population","Population","log_M",NA,NA,NA,NA,NA,NA,-1.6094379124341,"constant",NA,NA
"Population","Population","log_M",NA,NA,NA,NA,NA,NA,-1.6094379124341,"constant",NA,NA
"Population","Population","log_M",NA,NA,NA,NA,NA,NA,-1.6094379124341,"constant",NA,NA
"Population","Population","log_M",NA,NA,NA,NA,NA,NA,-1.6094379124341,"constant",NA,NA
"Population","Population","log_M",NA,NA,NA,NA,NA,NA,-1.6094379124341,"constant",NA,NA
"Population","Population","log_M",NA,NA,NA,NA,NA,NA,-1.6094379124341,"constant",NA,NA
"Population","Population","log_M",NA,NA,NA,NA,NA,NA,-1.6094379124341,"constant",NA,NA
"Population","Population","log_M",NA,NA,NA,NA,NA,NA,-1.6094379124341,"constant",NA,NA
"Population","Population","log_M",NA,NA,NA,NA,NA,NA,-1.6094379124341,"constant",NA,NA
"Population","Population","log_M",NA,NA,NA,NA,NA,NA,-1.6094379124341,"constant",NA,NA
"Population","Population","log_M",NA,NA,NA,NA,NA,NA,-1.6094379124341,"constant",NA,NA
"Population","Population","log_M",NA,NA,NA,NA,NA,NA,-1.6094379124341,"constant",NA,NA
"Population","Population","log_M",NA,NA,NA,NA,NA,NA,-1.6094379124341,"constant",NA,NA
"Population","Population","log_M",NA,NA,NA,NA,NA,NA,-1.6094379124341,"constant",NA,NA
"Population","Population","log_M",NA,NA,NA,NA,NA,NA,-1.6094379124341,"constant",NA,NA
"Population","Population","log_M",NA,NA,NA,NA,NA,NA,-1.6094379124341,"constant",NA,NA
"Population","Population","log_M",NA,NA,NA,NA,NA,NA,-1.6094379124341,"constant",NA,NA
"Population","Population","log_M",NA,NA,NA,NA,NA,NA,-1.6094379124341,"constant",NA,NA
"Population","Population","log_M",NA,NA,NA,NA,NA,NA,-1.6094379124341,"constant",NA,NA
"Population","Population","log_M",NA,NA,NA,NA,NA,NA,-1.6094379124341,"constant",NA,NA
"Population","Population","log_M",NA,NA,NA,NA,NA,NA,-1.6094379124341,"constant",NA,NA
"Population","Population","log_M",NA,NA,NA,NA,NA,NA,-1.6094379124341,"constant",NA,NA
"Population","Population","log_M",NA,NA,NA,NA,NA,NA,-1.6094379124341,"constant",NA,NA
"Population","Population","log_M",NA,NA,NA,NA,NA,NA,-1.6094379124341,"constant",NA,NA
"Population","Population","log_M",NA,NA,NA,NA,NA,NA,-1.6094379124341,"constant",NA,NA
"Population","Population","log_M",NA,NA,NA,NA,NA,NA,-1.6094379124341,"constant",NA,NA
"Population","Population","log_M",NA,NA,NA,NA,NA,NA,-1.6094379124341,"constant",NA,NA
"Population","Population","log_M",NA,NA,NA,NA,NA,NA,-1.6094379124341,"constant",NA,NA
"Population","Population","log_M",NA,NA,NA,NA,NA,NA,-1.6094379124341,"constant",NA,NA
"Population","Population","log_M",NA,NA,NA,NA,NA,NA,-1.6094379124341,"constant",NA,NA
"Population","Population","log_M",NA,NA,NA,NA,NA,NA,-1.6094379124341,"constant",NA,NA
"Population","Population","log_M",NA,NA,NA,NA,NA,NA,-1.6094379124341,"constant",NA,NA
"Population","Population","log_M",NA,NA,NA,NA,NA,NA,-1.6094379124341,"constant",NA,NA
"Population","Population","log_M",NA,NA,NA,NA,NA,NA,-1.6094379124341,"constant",NA,NA
"Population","Population","log_M",NA,NA,NA,NA,NA,NA,-1.6094379124341,"constant",NA,NA
"Population","Population","log_M",NA,NA,NA,NA,NA,NA,-1.6094379124341,"constant",NA,NA
"Population","Population","log_M",NA,NA,NA,NA,NA,NA,-1.6094379124341,"constant",NA,NA
"Population","Population","log_M",NA,NA,NA,NA,NA,NA,-1.6094379124341,"constant",NA,NA
"Population","Population","log_M",NA,NA,NA,NA,NA,NA,-1.6094379124341,"constant",NA,NA
"Population","Population","log_M",NA,NA,NA,NA,NA,NA,-1.6094379124341,"constant",NA,NA
"Population","Population","log_M",NA,NA,NA,NA,NA,NA,-1.6094379124341,"constant",NA,NA
"Population","Population","log_M",NA,NA,NA,NA,NA,NA,-1.6094379124341,"constant",NA,NA
"Population","Population","log_M",NA,NA,NA,NA,NA,NA,-1.6094379124341,"constant",NA,NA
"Population","Population","log_M",NA,NA,NA,NA,NA,NA,-1.6094379124341,"constant",NA,NA
"Population","Population","log_M",NA,NA,NA,NA,NA,NA,-1.6094379124341,"constant",NA,NA
"Population","Population","log_M",NA,NA,NA,NA,NA,NA,-1.6094379124341,"constant",NA,NA
"Population","Population","log_M",NA,NA,NA,NA,NA,NA,-1.6094379124341,"constant",NA,NA
"Population","Population","log_M",NA,NA,NA,NA,NA,NA,-1.6094379124341,"constant",NA,NA
"Population","Population","log_M",NA,NA,NA,NA,NA,NA,-1.6094379124341,"constant",NA,NA
"Population","Population","log_M",NA,NA,NA,NA,NA,NA,-1.6094379124341,"constant",NA,NA
"Population","Population","log_M",NA,NA,NA,NA,NA,NA,-1.6094379124341,"constant",NA,NA
"Population","Population","log_M",NA,NA,NA,NA,NA,NA,-1.6094379124341,"constant",NA,NA
"Population","Population","log_M",NA,NA,NA,NA,NA,NA,-1.6094379124341,"constant",NA,NA
"Population","Population","log_M",NA,NA,NA,NA,NA,NA,-1.6094379124341,"constant",NA,NA
"Population","Population","log_M",NA,NA,NA,NA,NA,NA,-1.6094379124341,"constant",NA,NA
"Population","Population","log_M",NA,NA,NA,NA,NA,NA,-1.6094379124341,"constant",NA,NA
"Population","Population","log_M",NA,NA,NA,NA,NA,NA,-1.6094379124341,"constant",NA,NA
"Population","Population","log_M",NA,NA,NA,NA,NA,NA,-1.6094379124341,"constant",NA,NA
"Population","Population","log_M",NA,NA,NA,NA,NA,NA,-1.6094379124341,"constant",NA,NA
"Population","Population","log_M",NA,NA,NA,NA,NA,NA,-1.6094379124341,"constant",NA,NA
"Population","Population","log_M",NA,NA,NA,NA,NA,NA,-1.6094379124341,"constant",NA,NA
"Population","Population","log_M",NA,NA,NA,NA,NA,NA,-1.6094379124341,"constant",NA,NA
"Population","Population","log_M",NA,NA,NA,NA,NA,NA,-1.6094379124341,"constant",NA,NA
"Population","Population","log_M",NA,NA,NA,NA,NA,NA,-1.6094379124341,"constant",NA,NA
"Population","Population","log_M",NA,NA,NA,NA,NA,NA,-1.6094379124341,"constant",NA,NA
"Population","Population","log_M",NA,NA,NA,NA,NA,NA,-1.6094379124341,"constant",NA,NA
"Population","Population","log_M",NA,NA,NA,NA,NA,NA,-1.6094379124341,"constant",NA,NA
"Population","Population","log_M",NA,NA,NA,NA,NA,NA,-1.6094379124341,"constant",NA,NA
"Population","Population","log_M",NA,NA,NA,NA,NA,NA,-1.6094379124341,"constant",NA,NA
"Population","Population","log_M",NA,NA,NA,NA,NA,NA,-1.6094379124341,"constant",NA,NA
"Population","Population","log_M",NA,NA,NA,NA,NA,NA,-1.6094379124341,"constant",NA,NA
"Population","Population","log_M",NA,NA,NA,NA,NA,NA,-1.6094379124341,"constant",NA,NA
"Population","Population","log_M",NA,NA,NA,NA,NA,NA,-1.6094379124341,"constant",NA,NA
"Population","Population","log_M",NA,NA,NA,NA,NA,NA,-1.6094379124341,"constant",NA,NA
"Population","Population","log_M",NA,NA,NA,NA,NA,NA,-1.6094379124341,"constant",NA,NA
"Population","Population","log_M",NA,NA,NA,NA,NA,NA,-1.6094379124341,"constant",NA,NA
"Population","Population","log_M",NA,NA,NA,NA,NA,NA,-1.6094379124341,"constant",NA,NA
"Population","Population","log_M",NA,NA,NA,NA,NA,NA,-1.6094379124341,"constant",NA,NA
"Population","Population","log_M",NA,NA,NA,NA,NA,NA,-1.6094379124341,"constant",NA,NA
"Population","Population","log_M",NA,NA,NA,NA,NA,NA,-1.6094379124341,"constant",NA,NA
"Population","Population","log_M",NA,NA,NA,NA,NA,NA,-1.6094379124341,"constant",NA,NA
"Population","Population","log_M",NA,NA,NA,NA,NA,NA,-1.6094379124341,"constant",NA,NA
"Population","Population","log_M",NA,NA,NA,NA,NA,NA,-1.6094379124341,"constant",NA,NA
"Population","Population","log_M",NA,NA,NA,NA,NA,NA,-1.6094379124341,"constant",NA,NA
"Population","Population","log_M",NA,NA,NA,NA,NA,NA,-1.6094379124341,"constant",NA,NA
"Population","Population","log_M",NA,NA,NA,NA,NA,NA,-1.6094379124341,"constant",NA,NA
"Population","Population","log_M",NA,NA,NA,NA,NA,NA,-1.6094379124341,"constant",NA,NA
"Population","Population","log_M",NA,NA,NA,NA,NA,NA,-1.6094379124341,"constant",NA,NA
"Population","Population","log_M",NA,NA,NA,NA,NA,NA,-1.6094379124341,"constant",NA,NA
"Population","Population","log_M",NA,NA,NA,NA,NA,NA,-1.6094379124341,"constant",NA,NA
"Population","Population","log_M",NA,NA,NA,NA,NA,NA,-1.6094379124341,"constant",NA,NA
"Population","Population","log_M",NA,NA,NA,NA,NA,NA,-1.6094379124341,"constant",NA,NA
"Population","Population","log_M",NA,NA,NA,NA,NA,NA,-1.6094379124341,"constant",NA,NA
"Population","Population","log_M",NA,NA,NA,NA,NA,NA,-1.6094379124341,"constant",NA,NA
"Population","Population","log_M",NA,NA,NA,NA,NA,NA,-1.6094379124341,"constant",NA,NA
"Population","Population","log_M",NA,NA,NA,NA,NA,NA,-1.6094379124341,"constant",NA,NA
"Population","Population","log_M",NA,NA,NA,NA,NA,NA,-1.6094379124341,"constant",NA,NA
"Population","Population","log_M",NA,NA,NA,NA,NA,NA,-1.6094379124341,"constant",NA,NA
"Population","Population","log_M",NA,NA,NA,NA,NA,NA,-1.6094379124341,"constant",NA,NA
"Population","Population","log_M",NA,NA,NA,NA,NA,NA,-1.6094379124341,"constant",NA,NA
"Population","Population","log_M",NA,NA,NA,NA,NA,NA,-1.6094379124341,"constant",NA,NA
"Population","Population","log_M",NA,NA,NA,NA,NA,NA,-1.6094379124341,"constant",NA,NA
"Population","Population","log_M",NA,NA,NA,NA,NA,NA,-1.6094379124341,"constant",NA,NA
"Population","Population","log_M",NA,NA,NA,NA,NA,NA,-1.6094379124341,"constant",NA,NA
"Population","Population","log_M",NA,NA,NA,NA,NA,NA,-1.6094379124341,"constant",NA,NA
"Population","Population","log_M",NA,NA,NA,NA,NA,NA,-1.6094379124341,"constant",NA,NA
"Population","Population","log_M",NA,NA,NA,NA,NA,NA,-1.6094379124341,"constant",NA,NA
"Population","Population","log_M",NA,NA,NA,NA,NA,NA,-1.6094379124341,"constant",NA,NA
"Population","Population","log_M",NA,NA,NA,NA,NA,NA,-1.6094379124341,"constant",NA,NA
"Population","Population","log_M",NA,NA,NA,NA,NA,NA,-1.6094379124341,"constant",NA,NA
"Population","Population","log_M",NA,NA,NA,NA,NA,NA,-1.6094379124341,"constant",NA,NA
"Population","Population","log_M",NA,NA,NA,NA,NA,NA,-1.6094379124341,"constant",NA,NA
"Population","Population","log_M",NA,NA,NA,NA,NA,NA,-1.6094379124341,"constant",NA,NA
"Population","Population","log_M",NA,NA,NA,NA,NA,NA,-1.6094379124341,"constant",NA,NA
"Population","Population","log_M",NA,NA,NA,NA,NA,NA,-1.6094379124341,"constant",NA,NA
"Population","Population","log_M",NA,NA,NA,NA,NA,NA,-1.6094379124341,"constant",NA,NA
"Population","Population","log_M",NA,NA,NA,NA,NA,NA,-1.6094379124341,"constant",NA,NA
"Population","Population","log_M",NA,NA,NA,NA,NA,NA,-1.6094379124341,"constant",NA,NA
"Population","Population","log_M",NA,NA,NA,NA,NA,NA,-1.6094379124341,"constant",NA,NA
"Population","Population","log_M",NA,NA,NA,NA,NA,NA,-1.6094379124341,"constant",NA,NA
"Population","Population","log_M",NA,NA,NA,NA,NA,NA,-1.6094379124341,"constant",NA,NA
"Population","Population","log_M",NA,NA,NA,NA,NA,NA,-1.6094379124341,"constant",NA,NA
"Population","Population","log_M",NA,NA,NA,NA,NA,NA,-1.6094379124341,"constant",NA,NA
"Population","Population","log_M",NA,NA,NA,NA,NA,NA,-1.6094379124341,"constant",NA,NA
"Population","Population","log_M",NA,NA,NA,NA,NA,NA,-1.6094379124341,"constant",NA,NA
"Population","Population","log_M",NA,NA,NA,NA,NA,NA,-1.6094379124341,"constant",NA,NA
"Population","Population","log_M",NA,NA,NA,NA,NA,NA,-1.6094379124341,"constant",NA,NA
"Population","Population","log_M",NA,NA,NA,NA,NA,NA,-1.6094379124341,"constant",NA,NA
"Population","Population","log_M",NA,NA,NA,NA,NA,NA,-1.6094379124341,"constant",NA,NA
"Population","Population","log_M",NA,NA,NA,NA,NA,NA,-1.6094379124341,"constant",NA,NA
"Population","Population","log_M",NA,NA,NA,NA,NA,NA,-1.6094379124341,"constant",NA,NA
"Population","Population","log_M",NA,NA,NA,NA,NA,NA,-1.6094379124341,"constant",NA,NA
"Population","Population","log_M",NA,NA,NA,NA,NA,NA,-1.6094379124341,"constant",NA,NA
"Population","Population","log_M",NA,NA,NA,NA,NA,NA,-1.6094379124341,"constant",NA,NA
"Population","Population","log_M",NA,NA,NA,NA,NA,NA,-1.6094379124341,"constant",NA,NA
"Population","Population","log_M",NA,NA,NA,NA,NA,NA,-1.6094379124341,"constant",NA,NA
"Population","Population","log_M",NA,NA,NA,NA,NA,NA,-1.6094379124341,"constant",NA,NA
"Population","Population","log_M",NA,NA,NA,NA,NA,NA,-1.6094379124341,"constant",NA,NA
"Population","Population","log_M",NA,NA,NA,NA,NA,NA,-1.6094379124341,"constant",NA,NA
"Population","Population","log_M",NA,NA,NA,NA,NA,NA,-1.6094379124341,"constant",NA,NA
"Population","Population","log_M",NA,NA,NA,NA,NA,NA,-1.6094379124341,"constant",NA,NA
"Population","Population","log_M",NA,NA,NA,NA,NA,NA,-1.6094379124341,"constant",NA,NA
"Population","Population","log_M",NA,NA,NA,NA,NA,NA,-1.6094379124341,"constant",NA,NA
"Population","Population","log_M",NA,NA,NA,NA,NA,NA,-1.6094379124341,"constant",NA,NA
"Population","Population","log_M",NA,NA,NA,NA,NA,NA,-1.6094379124341,"constant",NA,NA
"Population","Population","log_M",NA,NA,NA,NA,NA,NA,-1.6094379124341,"constant",NA,NA
"Population","Population","log_M",NA,NA,NA,NA,NA,NA,-1.6094379124341,"constant",NA,NA
"Population","Population","log_M",NA,NA,NA,NA,NA,NA,-1.6094379124341,"constant",NA,NA
"Population","Population","log_M",NA,NA,NA,NA,NA,NA,-1.6094379124341,"constant",NA,NA
"Population","Population","log_M",NA,NA,NA,NA,NA,NA,-1.6094379124341,"constant",NA,NA
"Population","Population","log_M",NA,NA,NA,NA,NA,NA,-1.6094379124341,"constant",NA,NA
"Population","Population","log_M",NA,NA,NA,NA,NA,NA,-1.6094379124341,"constant",NA,NA
"Population","Population","log_M",NA,NA,NA,NA,NA,NA,-1.6094379124341,"constant",NA,NA
"Population","Population","log_M",NA,NA,NA,NA,NA,NA,-1.6094379124341,"constant",NA,NA
"Population","Population","log_M",NA,NA,NA,NA,NA,NA,-1.6094379124341,"constant",NA,NA
"Population","Population","log_M",NA,NA,NA,NA,NA,NA,-1.6094379124341,"constant",NA,NA
"Population","Population","log_M",NA,NA,NA,NA,NA,NA,-1.6094379124341,"constant",NA,NA
"Population","Population","log_M",NA,NA,NA,NA,NA,NA,-1.6094379124341,"constant",NA,NA
"Population","Population","log_M",NA,NA,NA,NA,NA,NA,-1.6094379124341,"constant",NA,NA
"Population","Population","log_M",NA,NA,NA,NA,NA,NA,-1.6094379124341,"constant",NA,NA
"Population","Population","log_M",NA,NA,NA,NA,NA,NA,-1.6094379124341,"constant",NA,NA
"Population","Population","log_M",NA,NA,NA,NA,NA,NA,-1.6094379124341,"constant",NA,NA
"Population","Population","log_M",NA,NA,NA,NA,NA,NA,-1.6094379124341,"constant",NA,NA
"Population","Population","log_M",NA,NA,NA,NA,NA,NA,-1.6094379124341,"constant",NA,NA
"Population","Population","log_init_naa",NA,NA,NA,NA,NA,NA,13.8155105579643,"fixed_effects",NA,NA
"Population","Population","log_init_naa",NA,NA,NA,NA,NA,NA,13.6155105579643,"fixed_effects",NA,NA
"Population","Population","log_init_naa",NA,NA,NA,NA,NA,NA,13.4155105579643,"fixed_effects",NA,NA
"Population","Population","log_init_naa",NA,NA,NA,NA,NA,NA,13.2155105579643,"fixed_effects",NA,NA
"Population","Population","log_init_naa",NA,NA,NA,NA,NA,NA,13.0155105579643,"fixed_effects",NA,NA
"Population","Population","log_init_naa",NA,NA,NA,NA,NA,NA,12.8155105579643,"fixed_effects",NA,NA
"Population","Population","log_init_naa",NA,NA,NA,NA,NA,NA,12.6155105579643,"fixed_effects",NA,NA
"Population","Population","log_init_naa",NA,NA,NA,NA,NA,NA,12.4155105579643,"fixed_effects",NA,NA
"Population","Population","log_init_naa",NA,NA,NA,NA,NA,NA,12.2155105579643,"fixed_effects",NA,NA
"Population","Population","log_init_naa",NA,NA,NA,NA,NA,NA,12.0155105579643,"fixed_effects",NA,NA
"Population","Population","log_init_naa",NA,NA,NA,NA,NA,NA,11.8155105579643,"fixed_effects",NA,NA
"Population","Population","log_init_naa",NA,NA,NA,NA,NA,NA,13.2249484703984,"fixed_effects",NA,NA
